{
    "$schema": "https://schema.management.azure.com/schemas/2015-01-01/deploymentParameters.json#",
    "contentVersion": "1.0.0.0",
    "parameters": {
        "name": {
            "value": "networkName"
        },
        "location": {
            "value": "usgovarizona"
        },
        "addressPrefix": {
            "value": "10.5.0.0/16"
        },
        "subnetName": {
            "value": "default"
        },
        "subnetAddressPrefix": {
            "value": "10.5.0.0/24"
        },
        "enableDdosProtection": {
            "value": false
        }
    }
}